name,qr_code
26-B0099-1,UJZDE8
26-B0099-2,GXD6NC
26-B0099-3,F10EPF
26-B0099-4,91DHOD
26-B0099-5,ZDOC9I
26-B0099-6,S0J8HT
26-B0099-7,9LGMXG
26-B0099-8,9EDN58
26-B0099-9,1U33XT
26-B0099-10,PLPFT7
26-B0099-11,5V2SEH
Coimbatore Central Flagship Store,ZZG4ZD
26-B0099-13,0CE9UV
26-B0099-14,W53EFR
26-B0099-15,4EDT2S
26-B0099-16,YWB3WK
26-B0099-17,H5DNSI
26-B0099-18,PZZ5FK
26-B0099-19,2Z9RI1
26-B0099-20,9R0WYO
26-B0099-21,JFLJOO
26-B0099-22,A5LQSA
26-B0099-23,J08XUI
26-B0099-24,6D39ZZ
